,Category,Page Size (KB),Load Time(s),Response Time(s),Throughput,performance_score,lcp,fcp,cls,tti,tbt,speed_index,total_byte_weight,num_requests,Size_LoadTime_Ratio,Total_Time,Throughput_ResponseTime_Ratio,Log_Page_Size,Log_Throughput,CWV_Composite,TBT_TTI_Ratio,Bytes_Per_Request
Health and Fitness,0.0036338156,0.02422933,0.012906177,1.5072407,0.0173505,0.5070726,0.9788471,1.1936843,0.0049365936,0.18761444,0.1601471,0.15000427,0.15110473,0.055990987,0.03155991,1.1189808,0.037235033,0.0,0.0,1.3111099,0.035734367,0.008677552
Law and Government,0.0033780695,0.02757116,0.014359454,1.4918698,0.018811496,0.48123395,0.9167466,1.2251692,0.0049065836,0.13882692,0.13783456,0.14295895,0.15527536,0.061825786,0.029358765,1.1338897,0.041709207,0.0,0.0,1.2118349,0.03356474,0.008495483
News,0.0037873634,0.022984223,0.012576745,1.5147057,0.015982158,0.5546336,0.89114785,1.2501676,0.0049276208,0.20232658,0.16562934,0.16841531,0.15702674,0.06290246,0.03344214,1.0651705,0.032801364,0.0,0.0,1.2985531,0.037703805,0.008896392
Photography,0.0027718847,0.026003703,0.012196195,1.4913119,0.017876506,0.48848817,0.94302225,1.236086,0.0045173643,0.15358178,0.1375919,0.15320653,0.15689775,0.0604313,0.024834404,1.0728887,0.044337705,0.0,0.0,1.2681832,0.031895183,0.008248516
Social Networking and Messaging,0.0021139507,0.026928669,0.01583272,1.4294652,0.014521928,0.5010314,0.9659134,1.1551226,0.0035688556,0.17900017,0.16341014,0.14894456,0.17167673,0.069539025,0.025127657,1.1432534,0.040397804,0.0,0.0,1.4161258,0.040171985,0.008457877
Sports,0.002762745,0.025571473,0.013930138,1.4586362,0.017630532,0.48159721,0.96127135,1.1658039,0.005330481,0.17157233,0.15516403,0.15731573,0.17119586,0.060882553,0.02641342,1.1313903,0.039020084,0.0,0.0,1.3184512,0.037493784,0.0086450875
Streaming Services,0.0025155472,0.025973246,0.013188754,1.4023194,0.01720452,0.48227084,0.93872637,1.2545222,0.004403411,0.1690867,0.1422049,0.15298423,0.16135888,0.060394805,0.025918191,1.0972407,0.040814392,0.0,0.0,1.3164567,0.035637602,0.007861618
Travel,0.00297255,0.023680208,0.011855262,1.4598978,0.01953514,0.53470165,0.9950637,1.1964474,0.004609868,0.16371506,0.15227672,0.15811795,0.15172808,0.056636553,0.029214267,1.0651951,0.03915092,0.0,0.0,1.2033762,0.0345618,0.0077143647
